{
  "metadata": {
    "timestamp": 1751297152.348556,
    "total_rules": 13,
    "total_calls": 650,
    "config": {
      "decay_factor": 0.98,
      "adaptation_interval": 50,
      "min_samples": 5
    }
  },
  "rules": {
    "mul_one": {
      "attempts": 22,
      "successes": 20,
      "success_rate": 0.9090909090909091,
      "avg_time_ms": 0.2538109182685408,
      "total_time_ms": 5.583840201907897,
      "calculated_priority": 5000,
      "last_used": 1751297152.3423731
    },
    "one_mul": {
      "attempts": 23,
      "successes": 20,
      "success_rate": 0.8695652173913043,
      "avg_time_ms": 0.25289566107166866,
      "total_time_ms": 5.8166002046483785,
      "calculated_priority": 5000,
      "last_used": 1751297152.3423748
    },
    "zero_add": {
      "attempts": 25,
      "successes": 21,
      "success_rate": 0.84,
      "avg_time_ms": 0.1647554012441496,
      "total_time_ms": 4.118885031103741,
      "calculated_priority": 5000,
      "last_used": 1751297152.342367
    },
    "sub_self": {
      "attempts": 35,
      "successes": 28,
      "success_rate": 0.8,
      "avg_time_ms": 0.2920891434986209,
      "total_time_ms": 10.223120022451733,
      "calculated_priority": 5000,
      "last_used": 1751297152.342359
    },
    "add_zero": {
      "attempts": 99,
      "successes": 71,
      "success_rate": 0.7171717171717171,
      "avg_time_ms": 0.11566891835516219,
      "total_time_ms": 11.451222917161056,
      "calculated_priority": 5000,
      "last_used": 1751297152.347543
    },
    "list_map_id": {
      "attempts": 15,
      "successes": 11,
      "success_rate": 0.7333333333333333,
      "avg_time_ms": 0.496940880023442,
      "total_time_ms": 7.45411320035163,
      "calculated_priority": 5000,
      "last_used": 1751297152.34447
    },
    "list_length_nil": {
      "attempts": 27,
      "successes": 22,
      "success_rate": 0.8148148148148148,
      "avg_time_ms": 0.20930299628814336,
      "total_time_ms": 5.651180899779871,
      "calculated_priority": 5000,
      "last_used": 1751297152.3444722
    },
    "list_filter_true": {
      "attempts": 15,
      "successes": 9,
      "success_rate": 0.6,
      "avg_time_ms": 0.6861388222832789,
      "total_time_ms": 10.292082334249185,
      "calculated_priority": 5000,
      "last_used": 1751297152.344477
    },
    "list_append_nil": {
      "attempts": 91,
      "successes": 68,
      "success_rate": 0.7472527472527473,
      "avg_time_ms": 0.22603307151268465,
      "total_time_ms": 20.569009507654304,
      "calculated_priority": 5000,
      "last_used": 1751297152.347539
    },
    "list_nil_append": {
      "attempts": 14,
      "successes": 9,
      "success_rate": 0.6428571428571429,
      "avg_time_ms": 0.3570834511819489,
      "total_time_ms": 4.999168316547285,
      "calculated_priority": 5000,
      "last_used": 1751297152.344474
    },
    "bool_and_true": {
      "attempts": 56,
      "successes": 34,
      "success_rate": 0.6071428571428571,
      "avg_time_ms": 0.13334041224553014,
      "total_time_ms": 7.467063085749687,
      "calculated_priority": 5000,
      "last_used": 1751297152.347541
    },
    "option_some_eq": {
      "attempts": 58,
      "successes": 26,
      "success_rate": 0.4482758620689655,
      "avg_time_ms": 0.20504988283045458,
      "total_time_ms": 11.892893204166366,
      "calculated_priority": 5000,
      "last_used": 1751297152.3475451
    },
    "complex_match": {
      "attempts": 3,
      "successes": 0,
      "success_rate": 0.0,
      "avg_time_ms": 32.979810368069764,
      "total_time_ms": 98.93943110420929,
      "calculated_priority": 1000,
      "last_used": 1751297152.34712
    }
  }
}