{
  "regret_bounds": {
    "T_values": [
      100,
      500,
      1000,
      2000,
      5000,
      10000
    ],
    "thompson": {
      "average_regrets": [
        15.637008612462468,
        31.985617975409532,
        40.092758629591664,
        48.068792879532104,
        60.903055635888656,
        64.09260126209577
      ],
      "fit_params": [
        10.987850848031954,
        -35.38545615616334,
        0.9931228573612042
      ],
      "theoretical": "10.99 * log(T)"
    },
    "linucb": {
      "average_regrets": [
        88.39999239589704,
        188.90798897102155,
        270.34905543362083,
        416.0532709813752,
        838.5862468874718,
        1507.7165947414155
      ],
      "fit_params": [
        5.034391599274402,
        -114.09625754296337,
        0.9756663479119987
      ],
      "theoretical": "5.03 * sqrt(T * log(T))"
    }
  },
  "dimension_scaling": {
    "dimensions": [
      2,
      5,
      10,
      20,
      50
    ],
    "average_regrets": [
      223.51432171232176,
      73.30791901247628,
      61.66946615425079,
      77.50696398394476,
      131.91209492419426
    ],
    "scaling_coefficient": -6.65223557086346,
    "r_squared": 0.04811281484137788
  }
}