{
  "files": [
    "Basic.lean",
    "Basic.lean",
    "Basic.lean",
    "Basic.lean",
    "Basic.lean"
  ],
  "baseline_times": [
    2.156,
    1.843,
    1.234,
    2.891,
    1.567
  ],
  "optimized_times": [
    0.762,
    0.591,
    0.504,
    1.546,
    0.709
  ],
  "speedups": [
    2.83,
    3.12,
    2.45,
    1.87,
    2.21
  ],
  "improvements": [
    64.65677179962894,
    67.93271839392295,
    59.15721231766613,
    46.52369422345209,
    54.75430759412892
  ]
}