context_type,aggressive,conservative,moderate,no_optimization,selective_top5
arithmetic_uniform,1.2003597585809382,0.9598230760534057,1.0702525339555107,1.2110276717721384,1.0727430757875926
